day,start,spot@0.5,ok@0.5,spot@0.7,ok@0.7,spot@0.9,ok@0.9,naive_spot,naive_ok
2016-01-12,07:00,189,True,189,True,189,True,297,True
2016-01-12,08:00,,,,,,,223,False
2016-01-12,09:00,,,,,,,193,False
2016-01-12,10:00,,,,,,,605,False
2016-01-12,11:00,,,,,,,191,False
2016-01-12,12:00,,,,,,,,
2016-01-12,13:00,,,,,,,187,True
2016-01-12,14:00,,,,,,,189,False
2016-01-12,15:00,,,,,,,188,False
2016-01-13,07:00,189,True,189,True,189,True,604,True
2016-01-13,08:00,,,,,,,606,False
2016-01-13,09:00,,,,,,,187,False
2016-01-13,10:00,,,,,,,188,False
2016-01-13,11:00,,,,,,,192,False
2016-01-13,12:00,,,,,,,297,False
2016-01-13,13:00,,,,,,,605,False
2016-01-13,14:00,,,,,,,299,False
2016-01-13,15:00,,,,,,,191,False
2016-01-14,07:00,189,True,189,True,189,True,224,True
2016-01-14,08:00,,,,,,,300,True
2016-01-14,09:00,,,,,,,225,False
2016-01-14,10:00,,,,,,,605,False
2016-01-14,11:00,,,,,,,,
2016-01-14,12:00,,,,,,,,
2016-01-14,13:00,,,,,,,193,False
2016-01-14,14:00,,,,,,,190,False
2016-01-14,15:00,,,,,,,187,False
2016-01-15,07:00,189,True,189,True,189,True,223,True
2016-01-15,08:00,,,,,,,224,False
2016-01-15,09:00,,,,,,,300,False
2016-01-15,10:00,,,,,,,297,False
2016-01-15,11:00,,,,,,,,
2016-01-15,12:00,,,,,,,,
2016-01-15,13:00,,,,,,,604,False
2016-01-15,14:00,,,,,,,,
2016-01-15,15:00,,,,,,,,
2016-01-16,07:00,189,True,189,True,189,True,189,True
2016-01-16,08:00,190,True,190,True,190,True,263,True
2016-01-16,09:00,189,True,189,True,189,True,225,True
2016-01-16,10:00,188,True,188,True,188,True,604,True
2016-01-16,11:00,187,True,187,True,187,True,192,True
2016-01-16,12:00,188,True,188,True,188,True,299,True
2016-01-16,13:00,189,True,189,True,189,True,222,True
2016-01-16,14:00,188,True,188,True,188,True,605,True
2016-01-16,15:00,189,True,189,True,189,True,224,True
2016-01-18,07:00,189,True,189,True,189,True,225,True
2016-01-18,08:00,,,,,,,298,False
2016-01-18,09:00,,,,,,,188,False
2016-01-18,10:00,,,,,,,,
2016-01-18,11:00,,,,,,,,
2016-01-18,12:00,,,,,,,,
2016-01-18,13:00,,,,,,,263,False
2016-01-18,14:00,,,,,,,192,False
2016-01-18,15:00,,,,,,,,
2016-02-12,07:00,189,True,189,True,189,True,605,False
2016-02-12,08:00,,,,,,,298,True
2016-02-12,09:00,,,,,,,606,False
2016-02-12,10:00,,,,,,,297,False
2016-02-12,11:00,,,,,,,189,False
2016-02-12,12:00,,,,,,,,
2016-02-12,13:00,,,,,,,,
2016-02-12,14:00,,,,,,,262,False
2016-02-12,15:00,,,,,,,,
