candidate,features,model,n_features,cv_accuracy,cv_accuracy_std,cv_precision,cv_precision_std,cv_recall,cv_recall_std,cv_f1,cv_f1_std,cv_roc_auc,cv_roc_auc_std,fit_s,latency_ms
all | svm,all,svm,1926,0.9267557869558519,0.0016444918038779873,0.928796074677364,0.0031430541218449054,0.8771172726611992,0.008109377254780021,0.9021812378300176,0.0028280598849382598,0.9794117166548486,0.0007050762643717417,124.74834314982097,5.996817015000033
hog+texture | svm,hog+texture,svm,1828,0.9230464558815688,0.0017029007103398534,0.9298534304446501,0.00448674906513175,0.8655602872225708,0.008213702571042508,0.8965125928077365,0.0028470758698708027,0.976658909221014,0.0011673706196812111,125.50452129046123,5.192412824999337
ensemble[all | svm + all | xgb + all | rf],mixed,soft-vote,1926,0.9221559178824847,0.0020778563895744923,0.9199925101338001,0.0014789154850153828,0.8739117536685251,0.007403497209271301,0.896337682958167,0.0032035042393066125,0.9769230904545566,0.0008758925452772882,459.82539828618366,5.670484989996112
all | xgb,all,xgb,1926,0.9207713997828927,0.0006202103371608612,0.9181030196882523,0.002396872499487672,0.8721129785621368,0.004342287053198558,0.8945043933554001,0.0011468500615594093,0.9766685923636459,0.0007891837976392877,162.80632336934408,0.017745259999628615
hog+color | svm,hog+color,svm,1862,0.9174082532742996,0.002180973904589279,0.9241212487173626,0.005240331510288498,0.8559326056355786,0.01025249601144946,0.8886560293363605,0.0036471430857884825,0.9731600237643397,0.0015632728183390958,161.48323877652487,6.283062920001612
hog+texture | xgb,hog+texture,xgb,1828,0.9150338375378114,0.0037252707970353897,0.9108011128157742,0.0045028885105394545,0.8640246462003528,0.005903151807268093,0.8867927365988333,0.004986006948755745,0.9740002818772678,0.001990694110134141,163.67156672477722,0.019545544996617537
hog+color | xgb,hog+color,xgb,1862,0.9144900785449716,0.002988301212821702,0.9116873782754658,0.004611751963174321,0.8614561964813604,0.004918840615279248,0.885852117928113,0.003960841319217262,0.9733685970653654,0.0016845418794892452,174.65193565686545,
hog | svm,hog,svm,1764,0.9123638087153704,0.0021888928928028967,0.9225234501514331,0.004434779629859647,0.8433477063281226,0.008092386092176754,0.8811217781059965,0.003450777511155484,0.9702541561960311,0.0017169115707545755,154.91862527529398,
hog | xgb,hog,xgb,1764,0.8999994892214498,0.0024945938871388552,0.9075561201476118,0.008575975139877037,0.8244738430777492,0.005532628537748703,0.8639748355305409,0.002844910941555681,0.9652198120482023,0.0027671215228629712,167.036745707194,
all | rf,all,rf,1926,0.8871407713170015,0.004623473702712573,0.8760689105517844,0.002603885933594477,0.8234500823962705,0.010577280426000327,0.8489240815395996,0.006813427049770543,0.954421021077771,0.0024543887894224866,132.625142733256,
hog+color | rf,hog+color,rf,1862,0.8838771825930721,0.0012526464293097503,0.8903776687160933,0.003169995263927495,0.7966093675140652,0.0039063970621971995,0.8408757101296938,0.0018161036885650699,0.9532559938759814,0.0027590817351532764,134.61363299687704,
all | logreg,all,logreg,1926,0.8784359819887154,0.005781885443668789,0.8503680408056323,0.006252102130862246,0.8305136157797387,0.010107329146700877,0.8403119062812858,0.007866290356650317,0.9476979937485862,0.005143362183616884,8.152716636657715,
hog+texture | rf,hog+texture,rf,1828,0.8793760346843293,0.004389052175871146,0.8680821831263333,0.005624741586333248,0.8099673529808761,0.012026356557166669,0.8379589153843433,0.006608409619641448,0.9496142451832701,0.0017333016133875545,133.9291258653005,
hog+texture | logreg,hog+texture,logreg,1828,0.8726007993948507,0.0038163875067854956,0.8432781514336217,0.004771180005630325,0.8220348838071675,0.008839748784883273,0.8324940278338238,0.005390034960346044,0.9403588403666201,0.003748814880619358,5.973109086354573,
texture | svm,texture,svm,64,0.8662214835307602,0.0032921004824716586,0.8313541564713111,0.008283691888502932,0.8189569269973495,0.0086658796103033,0.8250416226440443,0.00411240674637661,0.9366414817975924,0.0027594153093939483,5.445949157079061,
hog | rf,hog,rf,1764,0.8711666565171446,0.003246433326204519,0.9083336245413375,0.003423147236533675,0.7402437920973745,0.009846074191982244,0.8156737204221969,0.005598232828947814,0.9455984437955488,0.0007949008080863124,142.16816290219626,
texture | xgb,texture,xgb,64,0.8579614898512045,0.004995437712430006,0.8512157156471859,0.008885330486763827,0.7651600979558902,0.016238512887978604,0.8057465127029424,0.008227009784100119,0.9323379821247014,0.0033591847854400137,3.9073354403177896,
hog+color | logreg,hog+color,logreg,1862,0.8347168166660349,0.00612168200721029,0.7952616098832878,0.011226534383296015,0.7691363298580054,0.014490500836616708,0.781854123612128,0.008307764735902858,0.9040747566291394,0.006223233424898278,5.581333478291829,
texture | logreg,texture,logreg,64,0.8294750838920745,0.0033094490273525693,0.7729831639694263,0.0025980814543818277,0.7890403318990004,0.012969601956471597,0.7808651654776785,0.005897131177314607,0.9068523496549977,0.0029745469349851477,0.2552507718404134,
hog | logreg,hog,logreg,1764,0.8292274223441574,0.005311142778153598,0.7911106492215212,0.013536947041919085,0.75693678700527,0.013913372303302871,0.7734594897278614,0.006470119418887529,0.8963185974921272,0.005313607991888257,5.565129280090332,
texture | rf,texture,rf,64,0.838525155117061,0.008111261548311998,0.8407181099059834,0.004802979597102756,0.7166265439103149,0.026826000121879946,0.7734290593958981,0.01507321556375576,0.9162893096129895,0.0021274619513998927,21.729891697565716,
